classifier_id,metric_type,phase,mean_jaccard,std_jaccard,mean_precision,std_precision,mean_recall,std_recall,mean_f1,std_f1,mean_accuracy,std_accuracy,num_videos
0,overall,all,60.8024526118769,24.96905740436731,72.87132399765946,23.455477422717898,71.21650084253416,28.500532304253717,69.76429887481468,11.971136574384715,82.60291041333512,8.031998305135811,6
0,per_phase,Preparation,53.42340042558425,37.27309942779287,74.57446808510637,38.46358945675366,58.70168233725999,41.43651309681188,60.41636342505908,38.27624335233132,,,6
0,per_phase,CalotTriangleDissection,74.3085955732554,15.230429435787542,78.41497703969118,18.106819562774653,94.84539672312992,4.554280653786946,84.25653860290504,11.517197385785934,,,6
0,per_phase,ClippingCutting,71.40521393027798,11.913223731439626,87.57109298209691,10.103636646547773,80.87829949562216,14.411719061411972,82.74734413722912,8.207717969509426,,,6
0,per_phase,GallbladderDissection,74.65489386992935,13.083427730205141,87.48482621069242,11.248639135004883,83.42155624133115,11.384913592953751,84.81608985993444,8.99618144454663,,,6
0,per_phase,GallbladderPackaging,5.331146611593675,4.516291184253915,18.25733474726052,18.668875917641174,7.063492063492063,5.325154348322619,9.774488342193962,8.123424915701403,,,6
0,per_phase,CleaningCoagulation,88.01524495227663,3.993966308999337,92.90250300811469,5.780820332426895,94.77892715653411,4.652856114902133,93.57808747455793,2.2393240795173193,,,6
0,per_phase,GallbladderRetraction,58.47867292022101,14.321338586521179,70.89406591065409,18.697944021306014,78.82615188036978,12.50151725083425,72.76118028182317,11.522008734679943,,,6
