classifier_id,metric_type,phase,mean_jaccard,std_jaccard,mean_precision,std_precision,mean_recall,std_recall,mean_f1,std_f1,mean_accuracy,std_accuracy,num_videos
0,overall,all,63.70383198951164,27.413224605317787,73.16174026374051,30.635840982526055,73.37758817753311,31.265946298098946,71.12041305411857,11.349408968284528,84.4390294979684,7.673875716417469,6
0,per_phase,Preparation,60.50003205756673,38.6478494836498,88.22246236328273,12.861323283779925,64.87649338241522,42.06049803170648,66.40564257993684,37.62767648953518,,,6
0,per_phase,CalotTriangleDissection,75.59986796382546,17.781702682387852,82.14828684733678,21.019002405302388,91.79084227135519,5.275776802293867,84.724700633162,13.66442099887341,,,6
0,per_phase,ClippingCutting,78.6350280749935,7.027982414334835,84.85353708360815,7.347278799141948,91.8601571071605,6.461556402746908,87.8602653210166,4.56713217998433,,,6
0,per_phase,GallbladderDissection,82.53938452413736,11.20244271944496,88.2985713563665,5.352704663866967,92.22862097947602,10.275981833797744,89.9988646820558,7.116653808905617,,,6
0,per_phase,GallbladderPackaging,0.0,0.0,0.0,0.0,0.0,0.0,0.0,0.0,,,6
0,per_phase,CleaningCoagulation,85.44033550641582,4.404316964239393,96.4600822564134,4.058606284123224,88.55606094002685,6.336200154435527,92.08788795647921,2.5564428237476404,,,6
0,per_phase,GallbladderRetraction,63.21217579964266,12.253170698953086,72.14924193917608,12.325437147838917,84.33094256229806,11.207897109900774,76.76553020617949,9.261701037179785,,,6
