Video,Mean,Variance,Hist
01_03_flow.mp4,162.36784505208334,2253.407626215574,results/01_03_flow.mp4_hist.png
02_01_flow.mp4,226.14617708333333,971.4262155936414,results/02_01_flow.mp4_hist.png
03_03_flow.mp4,208.80315625,813.5965442047524,results/03_03_flow.mp4_hist.png
08_04_flow.mp4,207.81012044270832,2324.5423539568474,results/08_04_flow.mp4_hist.png
12_05_flow.mp4,190.25389583333333,1944.3051306558164,results/12_05_flow.mp4_hist.png
15_04_flow.mp4,226.49994010416665,1952.080604163079,results/15_04_flow.mp4_hist.png
